{
  "input_path": "/Users/seoki/Desktop/research/outputs/noaa_same_area_pooled_benchmark_61day_2026-03-18_leakfix/houston_pooled_pairwise.csv",
  "row_count": 2175,
  "positive_rate": 0.06804597701149426,
  "timestamp_count": 1643,
  "own_ship_count": 5,
  "split": {
    "strategy": "own_ship",
    "train_rows": 1751,
    "val_rows": 332,
    "test_rows": 92,
    "train_own_ships": 3,
    "val_own_ships": 1,
    "test_own_ships": 1,
    "train_timestamps": 1297,
    "val_timestamps": 266,
    "test_timestamps": 82
  },
  "models": {
    "hgbt": {
      "threshold": 0.38,
      "auroc": 1.0,
      "auprc": 1.0,
      "accuracy": 1.0,
      "precision": 1.0,
      "recall": 1.0,
      "f1": 1.0,
      "positive_rate_predicted": 0.010869565217391304,
      "elapsed_seconds": 0.40406645787879825
    },
    "rule_score": {
      "threshold": 0.41,
      "auroc": 0.8351648351648352,
      "auprc": 0.0625,
      "accuracy": 0.8260869565217391,
      "precision": 0.058823529411764705,
      "recall": 1.0,
      "f1": 0.1111111111111111,
      "positive_rate_predicted": 0.18478260869565216,
      "elapsed_seconds": 0.042050749994814396
    }
  },
  "random_seed": 45,
  "threshold_grid_step": 0.01,
  "benchmark_elapsed_seconds": 0.4515253328718245
}