source_region,model_name,target_count,completed_target_count,mean_target_f1,min_target_f1,mean_delta_f1,min_delta_f1,mean_target_ece,max_target_ece,all_targets_ece_leq_max
houston,hgbt,2,2,0.8256970375902415,0.7897435897435897,-0.17430296240975857,-0.2102564102564103,0.033677363563232414,0.042790174983366555,True
houston,rule_score,2,2,0.6547004707592408,0.5825545171339563,0.5435893596481296,0.47144340602284524,0.13985015079841429,0.13985745043246828,False
